gene_id	module_id	wgcna_numeric_label	wgcna_color	assigned_kme
ENSRNOG00000000073	M004	4	yellow	0.67064316145376
ENSRNOG00000000281	M002	2	blue	0.901558638965522
ENSRNOG00000000585	M003	3	brown	0.476326477884941
ENSRNOG00000000658	M001	1	turquoise	0.69961450139729
ENSRNOG00000000814	M004	4	yellow	0.681000300068071
ENSRNOG00000000827	M002	2	blue	0.720201509280479
ENSRNOG00000001113	M002	2	blue	0.67695137691799
ENSRNOG00000001142	M007	7	black	0.709924126359876
ENSRNOG00000001214	grey	0	grey	
ENSRNOG00000001441	M004	4	yellow	0.873268410622558
ENSRNOG00000001442	M003	3	brown	0.755331894018255
ENSRNOG00000001514	M003	3	brown	0.57557528885701
ENSRNOG00000001770	M004	4	yellow	0.846057229712688
ENSRNOG00000001833	M003	3	brown	0.416280159312707
ENSRNOG00000001852	M004	4	yellow	0.891565716557849
ENSRNOG00000001979	M007	7	black	0.663983813002616
ENSRNOG00000001989	M002	2	blue	0.741172263214512
ENSRNOG00000002159	M003	3	brown	0.736302177192968
ENSRNOG00000002225	M004	4	yellow	0.930694033623928
ENSRNOG00000002342	M004	4	yellow	0.953014237046585
ENSRNOG00000002373	M005	5	green	0.79955659590007
ENSRNOG00000002425	M004	4	yellow	0.877378145163198
ENSRNOG00000002922	M002	2	blue	0.438817572043945
ENSRNOG00000003121	M006	6	red	0.723087412075575
ENSRNOG00000003134	M003	3	brown	0.889338067201716
ENSRNOG00000003150	M004	4	yellow	0.902492192153171
ENSRNOG00000003260	M005	5	green	0.630470917140818
ENSRNOG00000003330	grey	0	grey	
ENSRNOG00000003550	M003	3	brown	0.82399305167978
ENSRNOG00000003674	M001	1	turquoise	0.743608023230432
ENSRNOG00000003703	M003	3	brown	0.567883131064669
ENSRNOG00000003749	M001	1	turquoise	0.718852223685413
ENSRNOG00000003884	M002	2	blue	0.592276086920598
ENSRNOG00000003977	M002	2	blue	0.760041570163846
ENSRNOG00000004009	M002	2	blue	0.927274323949075
ENSRNOG00000004307	M003	3	brown	0.622673143665434
ENSRNOG00000004500	M003	3	brown	0.485279263454142
ENSRNOG00000004537	M003	3	brown	0.62683531611504
ENSRNOG00000004626	M003	3	brown	0.361553663003888
ENSRNOG00000004692	M002	2	blue	0.386774863170484
ENSRNOG00000004725	grey	0	grey	
ENSRNOG00000005109	M001	1	turquoise	0.696548531230567
ENSRNOG00000005250	M002	2	blue	0.718698903150833
ENSRNOG00000005358	M004	4	yellow	0.888553648222419
ENSRNOG00000005420	M002	2	blue	0.720724252689222
ENSRNOG00000005434	M001	1	turquoise	0.488258070188679
ENSRNOG00000005589	M001	1	turquoise	0.836697504617103
ENSRNOG00000005615	M005	5	green	0.868839238427722
ENSRNOG00000005705	M001	1	turquoise	0.870349431723123
ENSRNOG00000005849	M001	1	turquoise	0.959323262683222
ENSRNOG00000005905	M007	7	black	0.711799833110934
ENSRNOG00000006019	M005	5	green	0.868757615496751
ENSRNOG00000006118	M006	6	red	0.690302880693003
ENSRNOG00000006539	M003	3	brown	0.872023350450363
ENSRNOG00000006622	grey	0	grey	
ENSRNOG00000006779	M001	1	turquoise	0.882156441295831
ENSRNOG00000006893	M006	6	red	0.798747518666001
ENSRNOG00000006905	M004	4	yellow	0.613019020041235
ENSRNOG00000006983	M006	6	red	0.826813872657801
ENSRNOG00000007545	M006	6	red	0.839849720142316
ENSRNOG00000007546	M004	4	yellow	0.471412205837131
ENSRNOG00000007601	M002	2	blue	0.810160758479651
ENSRNOG00000007829	M004	4	yellow	0.705362878132509
ENSRNOG00000007862	M001	1	turquoise	0.954983361831439
ENSRNOG00000007866	M007	7	black	0.699787294668391
ENSRNOG00000007992	M004	4	yellow	0.883426706887589
ENSRNOG00000008050	M002	2	blue	0.887514093837695
ENSRNOG00000008064	M002	2	blue	0.641888070397365
ENSRNOG00000008067	M003	3	brown	0.451945553390601
ENSRNOG00000008167	M006	6	red	0.842157323706416
ENSRNOG00000008222	M004	4	yellow	0.828116523680925
ENSRNOG00000008236	M001	1	turquoise	0.911520691385243
ENSRNOG00000008572	M006	6	red	0.872110522240656
ENSRNOG00000008580	M006	6	red	0.857639898706773
ENSRNOG00000008694	M001	1	turquoise	0.926649861698798
ENSRNOG00000008755	M001	1	turquoise	0.938437544560888
ENSRNOG00000008830	M003	3	brown	0.709224301470684
ENSRNOG00000008843	M001	1	turquoise	0.906878756413679
ENSRNOG00000009117	M002	2	blue	0.664963185820639
ENSRNOG00000009152	M001	1	turquoise	0.851533817924038
ENSRNOG00000009222	M005	5	green	0.792155223475385
ENSRNOG00000009243	M007	7	black	0.862071117412974
ENSRNOG00000009322	M002	2	blue	0.58976597875175
ENSRNOG00000009350	M002	2	blue	0.866624981617523
ENSRNOG00000009422	M001	1	turquoise	0.977788437389176
ENSRNOG00000009550	M005	5	green	0.651696220348049
ENSRNOG00000009565	M006	6	red	0.946571898397585
ENSRNOG00000009570	M005	5	green	0.780632885376716
ENSRNOG00000009597	M001	1	turquoise	0.932477571554899
ENSRNOG00000009663	M004	4	yellow	0.885885011158698
ENSRNOG00000009686	M001	1	turquoise	0.919549049672047
ENSRNOG00000009712	M001	1	turquoise	0.924544652981398
ENSRNOG00000009715	M001	1	turquoise	0.932174617759937
ENSRNOG00000009785	M001	1	turquoise	0.316424218912908
ENSRNOG00000009875	M005	5	green	0.446818076658906
ENSRNOG00000010071	M003	3	brown	0.782965532493532
ENSRNOG00000010126	M006	6	red	0.709292216649175
ENSRNOG00000010134	M004	4	yellow	0.852270324875275
ENSRNOG00000010224	M006	6	red	0.909123256117321
ENSRNOG00000010237	M005	5	green	0.901208551208077
ENSRNOG00000010262	M001	1	turquoise	0.929621041151544
ENSRNOG00000010438	M001	1	turquoise	0.92428471811548
ENSRNOG00000010580	M001	1	turquoise	0.924013950608363
ENSRNOG00000010753	M001	1	turquoise	0.93301299369624
ENSRNOG00000010800	M001	1	turquoise	0.98049444780188
ENSRNOG00000010922	M004	4	yellow	0.70041278887141
ENSRNOG00000010940	M001	1	turquoise	0.955350418472535
ENSRNOG00000011071	M007	7	black	0.866829732588606
ENSRNOG00000011081	M001	1	turquoise	0.487175540728256
ENSRNOG00000011135	M006	6	red	0.84031738246622
ENSRNOG00000011162	M002	2	blue	0.838729543550801
ENSRNOG00000011201	M003	3	brown	0.891399419304736
ENSRNOG00000011216	M003	3	brown	0.726446115751914
ENSRNOG00000011238	grey	0	grey	
ENSRNOG00000011250	M002	2	blue	0.499817042482409
ENSRNOG00000011420	M002	2	blue	0.514646823029019
ENSRNOG00000011451	M002	2	blue	0.848384222435668
ENSRNOG00000011474	M007	7	black	0.746968303425877
ENSRNOG00000011497	M002	2	blue	0.722969558068095
ENSRNOG00000011781	M003	3	brown	0.738564351486349
ENSRNOG00000011815	grey	0	grey	
ENSRNOG00000011865	M004	4	yellow	0.941186485953528
ENSRNOG00000011907	M001	1	turquoise	0.822259296062983
ENSRNOG00000011951	M005	5	green	0.836460937528256
ENSRNOG00000011976	M003	3	brown	0.93870094126986
ENSRNOG00000012269	M003	3	brown	0.906795183427682
ENSRNOG00000012375	M006	6	red	0.653323378832568
ENSRNOG00000012443	M004	4	yellow	0.951954424495872
ENSRNOG00000012536	M005	5	green	0.792237501945244
ENSRNOG00000012721	grey	0	grey	
ENSRNOG00000013313	M003	3	brown	0.552858851003567
ENSRNOG00000013464	M001	1	turquoise	0.662415133191583
ENSRNOG00000013585	M007	7	black	0.656086054841692
ENSRNOG00000013683	M007	7	black	0.774717129429805
ENSRNOG00000013766	M001	1	turquoise	0.942427858018884
ENSRNOG00000013925	M002	2	blue	0.655839435700364
ENSRNOG00000013982	grey	0	grey	
ENSRNOG00000013987	M005	5	green	0.756232182832595
ENSRNOG00000014008	M002	2	blue	0.35622451080127
ENSRNOG00000014051	M003	3	brown	0.946129613295346
ENSRNOG00000014096	M007	7	black	0.84903420871134
ENSRNOG00000014104	M003	3	brown	0.950185855671034
ENSRNOG00000014199	M005	5	green	0.542742812195384
ENSRNOG00000014254	M001	1	turquoise	0.71059382893948
ENSRNOG00000014259	M003	3	brown	0.701864422568335
ENSRNOG00000014426	M002	2	blue	0.556175210290681
ENSRNOG00000014508	M004	4	yellow	0.927432642962618
ENSRNOG00000014522	M003	3	brown	0.947082982722969
ENSRNOG00000014665	M004	4	yellow	0.898651581750226
ENSRNOG00000014718	M001	1	turquoise	0.889935695200971
ENSRNOG00000014722	M004	4	yellow	0.756975167022857
ENSRNOG00000014900	M007	7	black	0.737104722286721
ENSRNOG00000015002	M003	3	brown	0.761106398401946
ENSRNOG00000015003	M003	3	brown	0.953193109917125
ENSRNOG00000015131	M001	1	turquoise	0.324108604112666
ENSRNOG00000015162	M004	4	yellow	0.858001786940301
ENSRNOG00000015187	M001	1	turquoise	0.981065463411285
ENSRNOG00000015389	M007	7	black	0.679450997606694
ENSRNOG00000015416	M007	7	black	0.715530393905602
ENSRNOG00000015441	M005	5	green	0.753501036948447
ENSRNOG00000016021	M007	7	black	0.852322197391453
ENSRNOG00000016219	M001	1	turquoise	0.963719839827972
ENSRNOG00000016353	M003	3	brown	0.863280578748139
ENSRNOG00000016509	M003	3	brown	0.814439741658712
ENSRNOG00000016541	M003	3	brown	0.649640170157382
ENSRNOG00000016552	M003	3	brown	0.50266840529738
ENSRNOG00000016692	M004	4	yellow	0.943659761335345
ENSRNOG00000016776	M002	2	blue	0.921785428166134
ENSRNOG00000016791	M007	7	black	0.626162857007856
ENSRNOG00000016940	M006	6	red	0.936320023123831
ENSRNOG00000016949	M005	5	green	0.837157674264243
ENSRNOG00000016975	M003	3	brown	0.353442383987764
ENSRNOG00000017090	M006	6	red	0.73581208841698
ENSRNOG00000017210	M006	6	red	0.794988697701155
ENSRNOG00000017286	M004	4	yellow	0.609849810829732
ENSRNOG00000017619	M001	1	turquoise	0.933185057784231
ENSRNOG00000017693	M002	2	blue	0.62915751091148
ENSRNOG00000017854	M004	4	yellow	0.658772202076078
ENSRNOG00000018114	M001	1	turquoise	0.954095251123691
ENSRNOG00000018239	M001	1	turquoise	0.95412331020489
ENSRNOG00000018375	M004	4	yellow	0.848081658389021
ENSRNOG00000018457	M003	3	brown	0.926559486103711
ENSRNOG00000018487	M004	4	yellow	0.744015755168823
ENSRNOG00000018494	M007	7	black	0.797546460772514
ENSRNOG00000018505	M001	1	turquoise	0.920306344653524
ENSRNOG00000018516	M001	1	turquoise	0.934345055876841
ENSRNOG00000018606	M002	2	blue	0.738716812104158
ENSRNOG00000018627	M004	4	yellow	0.809979085046759
ENSRNOG00000018944	M003	3	brown	0.955037286546448
ENSRNOG00000019020	M003	3	brown	0.906969922736927
ENSRNOG00000019120	M001	1	turquoise	0.952175060619046
ENSRNOG00000019283	M002	2	blue	0.706326254061421
ENSRNOG00000019316	M003	3	brown	0.688310686840545
ENSRNOG00000019352	M003	3	brown	0.898596921994849
ENSRNOG00000019365	M006	6	red	0.827881659029843
ENSRNOG00000019400	M004	4	yellow	0.941209338264791
ENSRNOG00000019422	M005	5	green	0.431319402899772
ENSRNOG00000019470	M002	2	blue	0.771147224788001
ENSRNOG00000019630	M001	1	turquoise	0.796221785778952
ENSRNOG00000019716	M002	2	blue	0.408556487001031
ENSRNOG00000019834	M001	1	turquoise	0.75964876407102
ENSRNOG00000019892	M006	6	red	0.865329925712879
ENSRNOG00000020029	M003	3	brown	0.886841263342063
ENSRNOG00000020035	M001	1	turquoise	0.799364669983337
ENSRNOG00000020056	M001	1	turquoise	0.570260864360308
ENSRNOG00000020194	M002	2	blue	0.806554413153632
ENSRNOG00000020272	M002	2	blue	0.7637765303041
ENSRNOG00000020288	M001	1	turquoise	0.974306782197799
ENSRNOG00000020308	M001	1	turquoise	0.960060459473515
ENSRNOG00000020345	M005	5	green	0.896714451526577
ENSRNOG00000020420	M002	2	blue	0.818310475020966
ENSRNOG00000020440	M001	1	turquoise	0.918371080269605
ENSRNOG00000020546	M004	4	yellow	0.819349871520755
ENSRNOG00000020624	M007	7	black	0.676120376559571
ENSRNOG00000020918	M005	5	green	0.786878717946888
ENSRNOG00000020990	M005	5	green	0.644310389634957
ENSRNOG00000021130	M002	2	blue	0.70994849134752
ENSRNOG00000021201	M005	5	green	0.865765650744546
ENSRNOG00000021403	M006	6	red	0.706326477818381
ENSRNOG00000021882	grey	0	grey	
ENSRNOG00000022054	M005	5	green	0.645726473565189
ENSRNOG00000022268	grey	0	grey	
ENSRNOG00000022615	M005	5	green	0.896457565111417
ENSRNOG00000022686	M001	1	turquoise	0.887858991016518
ENSRNOG00000022860	M001	1	turquoise	0.767298023748053
ENSRNOG00000022921	M006	6	red	0.887344235789625
ENSRNOG00000023410	M006	6	red	0.797341061232827
ENSRNOG00000023546	M001	1	turquoise	0.895853914282012
ENSRNOG00000024115	M002	2	blue	0.718295911315328
ENSRNOG00000024128	M001	1	turquoise	0.933937231641851
ENSRNOG00000024629	M001	1	turquoise	0.985250331436726
ENSRNOG00000024733	M001	1	turquoise	0.633881948144145
ENSRNOG00000024839	M001	1	turquoise	0.777428397199471
ENSRNOG00000025418	M002	2	blue	0.80057470649704
ENSRNOG00000025430	M004	4	yellow	0.668592647987974
ENSRNOG00000025689	M001	1	turquoise	0.975556817683886
ENSRNOG00000027024	M003	3	brown	0.407357884683896
ENSRNOG00000027434	M005	5	green	0.802932382687297
ENSRNOG00000027888	M001	1	turquoise	0.88337306937119
ENSRNOG00000028047	M001	1	turquoise	0.845295466182816
ENSRNOG00000028113	M005	5	green	0.901487809158752
ENSRNOG00000028356	M001	1	turquoise	0.852995317968287
ENSRNOG00000028711	M001	1	turquoise	0.872515551813099
ENSRNOG00000029571	M002	2	blue	0.941139569502299
ENSRNOG00000029651	grey	0	grey	
ENSRNOG00000029862	M001	1	turquoise	0.629270061860585
ENSRNOG00000030334	M004	4	yellow	0.696297556297928
ENSRNOG00000031004	M001	1	turquoise	0.959142186654405
ENSRNOG00000031211	M001	1	turquoise	0.667594379619224
ENSRNOG00000031612	M002	2	blue	0.817171186995804
ENSRNOG00000031651	M001	1	turquoise	0.552582149105093
ENSRNOG00000032202	M003	3	brown	0.937192612152065
ENSRNOG00000032708	grey	0	grey	
ENSRNOG00000032745	M002	2	blue	0.914384249800111
ENSRNOG00000032778	M001	1	turquoise	0.546100115928761
ENSRNOG00000032871	grey	0	grey	
ENSRNOG00000032908	M001	1	turquoise	0.953754856495918
ENSRNOG00000032959	M001	1	turquoise	0.859700286148301
ENSRNOG00000033195	M001	1	turquoise	0.449342753132614
ENSRNOG00000033415	grey	0	grey	
ENSRNOG00000033824	M006	6	red	0.853987590155117
ENSRNOG00000036659	M002	2	blue	0.914399860882499
ENSRNOG00000036942	M004	4	yellow	0.499901193383659
ENSRNOG00000036960	M002	2	blue	0.563075707015432
ENSRNOG00000037225	M001	1	turquoise	0.842707844806598
ENSRNOG00000038738	M001	1	turquoise	0.525719609926339
ENSRNOG00000038902	M005	5	green	0.657016827350025
ENSRNOG00000039091	M003	3	brown	0.805302222892778
ENSRNOG00000039740	M001	1	turquoise	0.370618664030144
ENSRNOG00000040108	M001	1	turquoise	0.908873249004239
ENSRNOG00000042162	M001	1	turquoise	0.624696815810497
ENSRNOG00000042607	M006	6	red	0.730303235529085
ENSRNOG00000043077	M005	5	green	0.574660791090566
ENSRNOG00000045636	M004	4	yellow	0.373572068658325
ENSRNOG00000046643	M002	2	blue	0.63343139053069
ENSRNOG00000046864	M006	6	red	0.93333860494393
ENSRNOG00000047860	M001	1	turquoise	0.841598483017355
ENSRNOG00000050210	grey	0	grey	
ENSRNOG00000050401	M005	5	green	0.600457960422938
ENSRNOG00000050424	M001	1	turquoise	0.88846428688777
ENSRNOG00000050519	M001	1	turquoise	0.890166380557634
ENSRNOG00000051854	M002	2	blue	0.786279823762661
ENSRNOG00000053201	M001	1	turquoise	0.824687379549422
ENSRNOG00000053410	M003	3	brown	0.770056865032429
ENSRNOG00000053460	M003	3	brown	0.91958253416466
ENSRNOG00000053787	M006	6	red	0.741013081146736
ENSRNOG00000054259	M006	6	red	0.627646605994471
ENSRNOG00000054344	M002	2	blue	0.582566919680004
ENSRNOG00000054962	M002	2	blue	0.691725821126075
ENSRNOG00000055221	M001	1	turquoise	0.881893281928444
ENSRNOG00000055909	M002	2	blue	0.786184215207842
ENSRNOG00000055984	M004	4	yellow	0.547607441732431
ENSRNOG00000056098	M003	3	brown	0.759588646878204
ENSRNOG00000056457	M004	4	yellow	0.86864671080768
ENSRNOG00000056596	M003	3	brown	0.488993907131467
ENSRNOG00000056637	M003	3	brown	0.910552974666071
ENSRNOG00000056847	M004	4	yellow	0.526681068901658
ENSRNOG00000056940	M007	7	black	0.752351077958686
ENSRNOG00000057264	M001	1	turquoise	0.938437623358656
ENSRNOG00000057278	M002	2	blue	0.494883445118178
ENSRNOG00000057832	M001	1	turquoise	0.364267488895581
ENSRNOG00000057957	M007	7	black	0.79352670889909
ENSRNOG00000058393	grey	0	grey	
ENSRNOG00000058522	M007	7	black	0.808286377399863
ENSRNOG00000058780	grey	0	grey	
ENSRNOG00000058842	M006	6	red	0.730306435189838
ENSRNOG00000059538	M002	2	blue	0.786572001408573
ENSRNOG00000059834	grey	0	grey	
ENSRNOG00000059921	M002	2	blue	0.641762928004918
ENSRNOG00000060248	M001	1	turquoise	0.931696901724192
ENSRNOG00000061414	M004	4	yellow	0.754987513308356
